Eeeeeeeeeeee,Ggggggggggggggg,HHHHHHHh
Carlos Clayton,1987-05-12,Financial trader
Randy Monroe,2017-12-22,Phytotherapist
Trevor Solomon,2019-04-16,Make
Tina Jones,1970-06-13,Tourist information centre manager
Todd Bond,1992-04-29,Public relations account executive
Rachel Juarez,2010-12-04,"Scientist, research (medical)"
Christopher Green,2019-09-14,Chartered legal executive (England and Wales)
Randy Weaver,1985-03-25,Fine artist
Andrew Garcia,1995-12-11,"Teacher, adult education"
Joseph Hudson,2013-08-26,Leisure centre manager
Matthew Mccarthy,2021-09-01,Technical sales engineer
Thomas Pugh MD,1996-05-16,Adult guidance worker
Cory Ramirez,2003-10-01,Social researcher
Christopher Smith,1988-06-01,"Accountant, chartered"
Andres Taylor,1986-08-27,Chiropodist
Andrew Wagner MD,2007-01-16,"Surveyor, mining"
Tanya Schultz,2018-03-05,Midwife
Cassandra Griffin,1977-01-04,Artist
James Lin,1991-08-30,Photographer
Jason Reed,1988-01-01,Operational investment banker
Margaret Estrada,1979-03-11,"Geneticist, molecular"
Jerry Ford,2000-08-18,Regulatory affairs officer
Michelle Martinez,2020-02-12,Fitness centre manager
Brenda Barnes,1986-04-10,"Nurse, mental health"
Mary Valencia,1978-11-01,"Psychologist, sport and exercise"
Caroline Contreras,1986-07-04,General practice doctor
Jim Compton,1993-01-06,Animal nutritionist
Michelle Baker,1972-07-23,Mental health nurse
Gregory Hahn,1994-09-07,Acupuncturist
Mr. Adrian Howard,1990-03-16,"Librarian, public"
Nicholas Glass,1987-06-30,Retail banker
Lindsay Williams,2022-05-22,Sales promotion account executive
Christopher Williams,1981-02-03,Research scientist (maths)
Patrick Walker,1997-06-26,Retail merchandiser
Billy Marshall,1997-11-24,Agricultural engineer
Richard Mendoza,2001-06-05,Environmental consultant
Karen Trujillo,1984-03-02,"Lighting technician, broadcasting/film/video"
Drew Johnson,1995-09-15,Actuary
David Johnson,2003-01-31,Landscape architect
Earl Davies,1988-07-29,"Surveyor, hydrographic"
Steve Thornton,2020-08-17,Mental health nurse
Ashley Gibson,1978-10-12,Mudlogger
April Jones,1976-11-28,Ophthalmologist
Teresa Parker,2018-06-26,"Scientist, physiological"
Anthony Stevenson,1983-02-20,Electronics engineer
Jerome Smith,1972-04-08,Writer
Kevin Macias,1986-06-27,Landscape architect
Robert Lopez,2004-03-02,"Engineer, land"
Erika Parker,2022-10-26,Therapeutic radiographer
Adam Thomas,2000-10-09,Textile designer
James Miller,1987-12-13,Gaffer
Tina White,1996-10-28,Exercise physiologist
Jeffery Nicholson,1983-04-06,"Research officer, political party"
Jeffrey Smith,1996-02-19,"Production designer, theatre/television/film"
Courtney Thomas,2020-04-07,Veterinary surgeon
Carmen Warner,1989-06-14,Leisure centre manager
Jacqueline Newman,2022-07-11,"Administrator, education"
Brittany Davis,1990-08-24,"Buyer, retail"
Alan Hernandez,2005-10-25,"Engineer, maintenance (IT)"
Jasmine Walker,2019-04-01,"Designer, industrial/product"
Karen Everett,2017-04-12,Records manager
Lisa Hays,2013-08-08,"Psychologist, clinical"
Samantha Young,1981-03-06,"Teacher, special educational needs"
Cynthia Cortez,2022-05-27,"Scientist, forensic"
Peter Johnson,2000-01-07,Retail buyer
Teresa Callahan,2009-12-18,Health physicist
Miss Julie Jackson,2016-08-12,Operational investment banker
Stephanie Perkins,2019-11-03,"Engineer, technical sales"
Sue Massey,1999-10-08,"Merchandiser, retail"
Charles Farmer,2018-09-20,Photographer
Sydney Ingram,1988-09-14,"Engineer, energy"
Todd Powell,2011-02-20,Maintenance engineer
James Bowers,1989-02-17,"Physicist, medical"
Antonio Watson,2022-07-16,Interior and spatial designer
Amanda Lewis,2005-09-17,"Administrator, local government"
Emily Pennington,1973-12-07,Radiation protection practitioner
Brandy Mills,1995-02-28,Comptroller
Summer Rodriguez,1993-12-06,Herpetologist
Carol Thompson,2007-12-14,Information officer
Lauren Malone,2010-09-10,"Pilot, airline"
Jennifer Sullivan,1977-08-07,Herbalist
Jared Trujillo,1979-12-14,Artist
Shelly Miller,2019-01-22,Hydrologist
Karina Elliott,1982-06-25,Furniture designer
Renee Hall,1972-10-31,Agricultural engineer
Dennis Young,1979-03-09,"Designer, textile"
James Johnson,2003-08-12,"Radiographer, therapeutic"
Jared Griffith,2008-07-06,"Therapist, nutritional"
Michael Rodriguez,1975-06-30,"Engineer, aeronautical"
Tiffany Hensley,1971-09-11,Pension scheme manager
Linda Brown,2003-03-31,Barista
Erik Meyers,1996-12-21,Exhibition designer
Anthony Johnson,1991-12-16,"Designer, television/film set"
Angela Pugh,1998-03-02,"Designer, exhibition/display"
Suzanne Yates,1995-04-28,Retail buyer
Sean Hinton,2003-08-24,Dispensing optician
Angelica Edwards,1986-05-20,Higher education careers adviser
Rebecca Skinner,2017-10-09,"Psychologist, counselling"
Robert Alexander,2007-11-26,"Engineer, structural"
Alyssa Stone,2000-01-07,"Programmer, applications"
Justin Miller,2004-10-16,Associate Professor
Tyler Adams,2011-05-28,"Production assistant, television"
Rachel Perez,1973-07-19,"Engineer, land"
Tyler Holmes,1994-09-02,"Designer, blown glass/stained glass"
Hunter Garza,2009-05-06,Publishing rights manager
Ms. Sonya Edwards,1996-08-06,Dealer
Carrie Cardenas,2016-07-12,Curator
Kayla Martinez,1973-08-04,"Presenter, broadcasting"
William Cochran,2011-02-14,Astronomer
Adrian Olson,2003-09-18,Physiological scientist
Glenn Davis,1990-03-17,Systems developer
Carolyn Hall,1993-01-07,Product designer
Casey Smith,2005-11-06,Insurance underwriter
Angela Chen,2002-07-16,Database administrator
Karen Walker,1983-02-28,Market researcher
Matthew Sanchez,2002-04-26,Chartered public finance accountant
Natalie Pierce,1985-02-02,Youth worker
Cynthia Williams,1991-03-18,"Designer, industrial/product"
Steven Mathews,2016-11-08,"Lecturer, further education"
James Munoz,2007-06-19,Medical illustrator
Rachel Ward,1989-08-19,Psychotherapist
Geoffrey Mendoza,2015-12-15,Lobbyist
Suzanne Price,1973-09-23,Tax inspector
Crystal Fisher,1971-05-14,Associate Professor
Russell Smith,2007-03-10,Geochemist
Jessica Lamb,2018-10-14,Interpreter
Joseph Bryan,1977-12-01,"Editor, film/video"
Michael Arroyo,1994-07-05,Advertising account planner
Stephen Coffey,2020-03-03,Teaching laboratory technician
Mr. Paul Turner,1976-10-28,"Conservation officer, nature"
Angela Lewis,1978-07-05,Financial trader
Laura Meyer,2019-08-10,"Engineer, maintenance"
Melissa Henderson,2001-03-06,Oceanographer
Allison Huff,1976-11-25,Chief Executive Officer
Peter Mcintosh,2019-12-10,Minerals surveyor
Elizabeth Chang,1998-08-26,Health physicist
Katrina Cook,2005-02-16,Chartered legal executive (England and Wales)
Sharon Lopez,1973-01-19,Leisure centre manager
Stephanie Jones,1999-03-20,"Production assistant, radio"
Derrick Jones,2002-02-10,Research scientist (medical)
Jacob Peters,1997-10-06,"Therapist, nutritional"
Diana Mooney,2021-01-27,Management consultant
Stephen Huynh,1989-06-02,Heritage manager
Pamela Luna,2007-07-14,Air broker
Danielle Morris,2019-03-06,Restaurant manager
Steve Morrison,2000-03-28,Commercial horticulturist
Jose Armstrong,2002-03-28,Civil Service fast streamer
Hannah Carter,2004-10-18,"Designer, jewellery"
Kristen Wilson,2013-05-16,"Scientist, clinical (histocompatibility and immunogenetics)"
Kelly Hernandez,1993-08-15,"Engineer, petroleum"
Robin Fisher,2002-09-29,Economist
Lisa Davis,2015-02-02,Private music teacher
Billy Gibson,1991-10-03,Marketing executive
Jeffery Lee,2005-11-30,"Psychotherapist, dance movement"
Bob Stewart,2018-03-30,Public relations account executive
Ashley Taylor,2016-08-06,Financial controller
Charles Conley,2005-09-24,"Nurse, adult"
Kim Mills,2000-12-09,Metallurgist
Lori Padilla,2015-08-30,"Administrator, local government"
Donald Bird,2022-03-21,Optometrist
Cassandra Smith,1973-03-19,Production manager
James Caldwell,1975-07-31,Animal nutritionist
Brenda Harris,1977-08-01,Patent examiner
Lisa Smith,2009-06-06,Politician's assistant
Sean Harvey,2000-07-30,Multimedia specialist
Roger Long,1982-01-27,Computer games developer
Robert Maxwell,1982-04-23,Ambulance person
Glenda Stephens DVM,2009-12-11,Warehouse manager
Mr. Robert Mendoza,1978-05-28,Hydrographic surveyor
Nichole Porter,1979-02-02,Broadcast journalist
Kimberly Johnson,1995-05-25,"Therapist, drama"
Beth Jones,1981-05-04,Surgeon
Kyle Cooley,1985-09-13,Trade union research officer
Mark Peterson,2001-11-23,Hospital pharmacist
Joshua Livingston,2008-09-07,Nutritional therapist
Kurt Gonzalez,1989-04-09,Holiday representative
Ryan Baker,2010-12-12,"Development worker, international aid"
Ashley Henson,1977-03-23,Commercial horticulturist
Susan Camacho,2013-02-16,Artist
Lauren Daugherty,2021-07-24,"Psychologist, educational"
Robert Turner,2008-08-13,Bookseller
Matthew Day,1982-12-01,"Chemist, analytical"
Pamela Foley,1987-10-20,Paramedic
Corey Russell,1970-09-01,"Administrator, arts"
Christine Flowers,2005-10-11,"Radiographer, therapeutic"
James Williams,1989-07-17,Amenity horticulturist
Laura Jones,1970-02-03,Best boy
Richard Hayes,1994-05-06,Careers adviser
Ronald Thomas,1977-10-03,Customer service manager
Michael Neal,1979-10-12,Sports administrator
Lisa Johnson,1976-02-12,"Secretary, company"
Shannon Palmer,2011-12-27,Geochemist
Shirley Owens,1972-04-14,Solicitor
Cynthia Holmes,1983-12-02,Arboriculturist
Julie Holden,2002-03-27,English as a second language teacher
David Mills,2014-12-02,Health and safety adviser
Roger Coleman,1977-06-11,"Scientist, research (medical)"
Kimberly Bennett,1998-02-17,Sports coach
Elizabeth Silva,2021-01-30,Occupational therapist
Christopher Tran,1994-01-06,"Scientist, marine"
Charles Salinas,2021-10-29,Chief Marketing Officer
Jeffrey Reed,1974-02-03,Sports development officer
Matthew Hodge,1984-10-13,Horticultural therapist
Jorge Lopez,1971-06-16,"Psychologist, sport and exercise"
Tony Warren,2004-10-10,Architect
Jacob Porter,1993-03-06,Charity officer
Brian Peterson,1970-05-21,"Sound technician, broadcasting/film/video"
Kiara Howard,1978-11-04,"Administrator, sports"
Tyler Williams,2020-02-10,Intelligence analyst
Michael Nolan,1990-02-28,Education administrator
Shelby Hogan,1977-03-26,Commercial horticulturist
Mia Lee,2005-05-18,Travel agency manager
Jacqueline Brown,1979-03-07,English as a second language teacher
Sara Cochran,1986-11-29,Investment analyst
Alexander Frye,1984-03-16,Nature conservation officer
Carl Matthews,2014-05-27,"Biochemist, clinical"
Seth Rodriguez,2015-01-20,Chief Executive Officer
Daniel Kidd,1988-05-18,"Engineer, agricultural"
Summer Ramos,2009-09-08,Horticultural therapist
Dakota Shepherd,1978-07-11,Fitness centre manager
Madison Nunez,1980-08-15,Geochemist
Donna Schultz,2005-04-29,Warden/ranger
Anthony Mercado,2008-08-02,Sports development officer
Timothy Brown,1995-09-03,Graphic designer
Lindsey Mitchell,1994-07-20,Homeopath
Amanda Johnson,1972-11-17,Clinical biochemist
Amy Castaneda,1990-07-27,"Surveyor, building control"
Jamie Donaldson,2014-04-19,Curator
Jordan Coffey,1991-05-25,Hospital doctor
Andrea Skinner,1986-07-25,Field seismologist
Peter Palmer,2019-07-19,Broadcast journalist
Brittany Cruz,2003-03-05,"Designer, blown glass/stained glass"
Brittany Morris,2001-09-10,"Radiographer, therapeutic"
Nicole Ward,1987-12-10,"Designer, television/film set"
Ashley Christensen,2006-01-13,Cartographer
Kevin Walker,1998-02-04,"Psychologist, counselling"
Taylor Estrada,2016-09-28,Medical technical officer
Sean Anderson,1972-06-24,Sales executive
Troy Cook,2004-09-17,"Journalist, magazine"
Joshua Padilla,1997-12-15,Quantity surveyor
Christopher Mills,2018-01-17,Barista
Mr. Kenneth Smith DDS,2023-03-13,Marine scientist
Joseph Barnett,2015-03-06,Patent attorney
Michelle Mercado,2022-07-20,"Nurse, mental health"
Kimberly Moss,1995-09-11,Legal executive
Nathaniel Hancock,2011-03-20,Glass blower/designer
Eric Buckley,2011-10-18,Commissioning editor
Brian Williams,1971-12-22,"Engineer, agricultural"
Ryan Solis,2004-03-16,Forensic scientist
Valerie Mahoney,1991-08-23,Garment/textile technologist
John Campbell,1995-06-14,Curator
Nicole Tucker,2006-06-19,Graphic designer
Andrew Kent,2022-05-23,Psychotherapist
Joseph Powell,1978-06-20,Heritage manager
Kristin Garcia,2010-06-27,Chief Strategy Officer
Mary Rose,2022-12-04,Public house manager
Francis Bray,2021-06-26,Tax adviser
Michelle Robinson,1987-08-29,Cabin crew
Jessica Adams,1971-08-02,Claims inspector/assessor
Cassie Williams,2001-04-20,Sports coach
Megan Wright,2005-05-02,Radiation protection practitioner
Sherry Martinez,1993-06-29,"Engineer, biomedical"
George Allen,1985-02-05,Planning and development surveyor
Stephanie Watson,1997-08-30,Training and development officer
Dr. Kimberly Vargas,1979-01-15,Operations geologist
Courtney Brown,1985-06-03,"Research officer, government"
Joshua Bradley,1971-03-28,"Designer, industrial/product"
Doris Burton,2006-01-22,"Engineer, maintenance"
Kevin Smith,1993-06-12,Radiation protection practitioner
Kelsey Fry,2016-10-21,Dentist
Michael Johnson,1986-01-01,"Lecturer, further education"
Erin Nguyen,1974-12-27,"Engineer, broadcasting (operations)"
Jacob Rangel,1988-04-09,Risk manager
Justin Powell,1976-09-21,Lexicographer
Darrell Jones,2009-05-04,"Pharmacist, community"
Natasha Gomez,1998-08-28,Agricultural engineer
David Wallace,1984-02-19,"Engineer, site"
Sandra Matthews,1981-10-04,"Restaurant manager, fast food"
Joseph Hill,1991-03-15,Learning mentor
Gina Thompson,1984-09-27,"Investment banker, corporate"
Susan Caldwell,1973-06-30,Trade mark attorney
Kendra Butler,1986-05-24,"Doctor, general practice"
Chelsea Osborn,2004-02-19,"Programmer, systems"
James Stewart,1985-09-09,Amenity horticulturist
Jerry Wright,2000-01-12,Tour manager
Jessica Newton,1972-04-10,Counsellor
Yvonne Hernandez,1994-03-12,"Therapist, speech and language"
Cynthia Erickson,2010-06-03,Building control surveyor
Nicholas Tanner,1985-03-28,"Restaurant manager, fast food"
Kara Noble,2016-06-08,Press sub
Laura Fernandez,2016-04-19,"Programmer, applications"
Richard Mcmahon,1989-04-28,"Designer, furniture"
Brittany Watson,1989-05-01,Illustrator
Jacob Garcia,2020-01-07,"Designer, graphic"
Cory Watson,1982-03-14,Adult guidance worker
April Schmidt,2001-11-16,Acupuncturist
Sharon Hawkins,2012-09-06,Tour manager
Annette Bond,1999-12-11,Site engineer
Johnny Moss,1978-02-16,Clothing/textile technologist
