Company emails,Departments,Employees,Prices,Start projects
Sheila.Clark@garcia-johnson.com,Regulatory affairs officer,Rebekah Baxter,17976,2022-05-26
Erin.Brown@sanchez.com,Data scientist,Rachel Ortega,31457,1986-03-17
Lauren.Forbes@mcfarland-ortiz.org,Hospital pharmacist,Victoria Petty,25748,1980-06-25
Jeffrey.Trujillo@berry.com,Food technologist,Jeff Francis,24150,1975-01-13
Timothy.Brown@pope.com,"Doctor, general practice",Tiffany Carter,28360,2019-05-23
Scott.Larsen@grant-lane.net,"Engineer, chemical",Caleb Malone,39961,2021-03-09
Joseph.Ruiz@king-boyer.info,"Designer, exhibition/display",Dr. Ryan Oconnor,30913,1986-04-20
Daniel.Kirk@stafford.com,Television floor manager,Corey Nguyen,19291,2003-11-05
Michelle.Bentley@norton.com,"Librarian, public",Melissa Beck,30623,1979-06-28
Meredith.Pittman@brooks-avila.com,Warden/ranger,John Brewer,14229,2015-12-02
Michael.Lopez@herring.com,"Nurse, children's",Rachael Thomas,13192,2007-04-06
Kevin.Griffith@davis.net,"Loss adjuster, chartered",Brett Garza,33700,1974-12-29
Lawrence.Torres@lawrence-sullivan.com,Nature conservation officer,Terry Perez,37809,1992-06-18
Amy.Schmidt@morrison.com,Psychotherapist,Kyle Elliott,35802,1992-05-29
Matthew.Garrett@dean-morris.com,Archivist,Krystal Patterson,25498,2021-09-15
David.Mosley@brady-kelley.com,"Development worker, international aid",Brian Harrison,38442,2014-02-12
Ashley.Perry@stewart.org,Broadcast presenter,Michelle Smith,30193,1986-08-07
Kayla.Kelly@hoffman-franklin.net,Hospital pharmacist,Crystal Sullivan,28232,1972-06-03
Natalie.Williams@wall.net,Operational researcher,Arthur Rivera,16825,2000-01-31
James.Parker@rose.info,Materials engineer,Justin Grant,37923,1992-03-10
Brian.Lee@garcia-white.com,Television production assistant,Timothy Fitzgerald,21767,1980-01-03
Chris.Montgomery@smith.com,Control and instrumentation engineer,Terry Brown,18775,1975-12-08
Laurie.Hanson@craig-fry.com,Multimedia programmer,Marcus Romero,40364,1976-09-17
Manuel.Miles@blevins-cameron.com,Licensed conveyancer,Victoria Mendez,18006,2013-12-20
Nicole.Pugh@rodgers-smith.info,Dispensing optician,Taylor Taylor,11649,2022-08-01
Barry.Gonzales@rice-turner.com,"Surveyor, land/geomatics",Joe Scott,21330,1992-01-07
Kayla.Barron@grant.com,"Administrator, arts",Madison Lopez,28971,1979-01-03
Andrew.Stewart@adams-whitaker.com,"Engineer, energy",Todd Willis,14386,2013-09-26
Timothy.Wood@carlson-barnes.biz,"Librarian, academic",Nancy Allison,12821,2003-11-06
Brian.Zimmerman@todd.com,"Producer, radio",Edward Morrison,24250,2019-01-15
Tanya.Chandler@scott.com,Advertising copywriter,Jacob Thomas,40665,1980-11-24
Gabrielle.Keller@adams.com,"Producer, television/film/video",Rachael Olsen,14004,2019-09-26
Marc.Higgins@fisher.org,Quantity surveyor,Angelica Jones,49773,1977-04-26
Ronnie.Sharp@hernandez-james.org,"Engineer, civil (contracting)",John Jackson,35012,1989-01-15
Jerome.Chambers@taylor-byrd.biz,Gaffer,Charles Griffith,23605,1992-03-04
Richard.Tran@rowland.biz,"Optician, dispensing",Shawn Williams,27243,2005-05-20
Rachel.Daniels@parker-johnston.info,Printmaker,Kimberly Thomas,44257,1996-02-11
Michael.Brown@delgado-christian.biz,"Therapist, horticultural",Jessica Turner,31546,2014-07-20
Danny.Hall@walker-nguyen.com,Academic librarian,Seth Cantu,23974,1985-11-27
Russell.Melton@baker.com,"Copywriter, advertising",Karen Riley,41540,1977-05-09
William.Phillips@nelson.org,Restaurant manager,Stanley Daniels,23811,1991-04-04
Laura.Peterson@leblanc-moore.com,"Geologist, wellsite",Brandon Taylor,11565,1994-09-30
Victoria.Alvarez@mann.net,"Engineer, control and instrumentation",Andrew Robinson,25593,1993-07-06
Richard.Bullock@hahn.com,Tourism officer,Dennis Peterson,22923,2006-12-04
Joshua.Jones@johnson.com,Microbiologist,Stephen Hudson,15957,1979-10-03
David.Lang@chavez-reyes.com,"Engineer, chemical",Adam Herman,31645,2007-11-10
Robert.David@johnson-harris.com,Health and safety inspector,Cristina Donaldson,43012,2005-03-05
Don.Smith@miller-trujillo.com,"Buyer, industrial",Anne Kennedy,34838,2019-09-12
Amanda.Johnson@moore.com,Communications engineer,Cynthia Kidd,13903,1979-12-06
Shirley.Brown@bell.com,Telecommunications researcher,Leslie Kennedy,24850,2017-11-16
Christopher.Lynn@kim-randall.org,Health promotion specialist,Emily Lopez,19668,1996-08-29
Sheila.Gonzales@gordon.org,Film/video editor,Michelle Johnson,35570,2000-12-08
John.Nguyen@sherman.com,Firefighter,Ashley Clark,41281,2009-01-21
Sonya.Sharp@allen.info,Ophthalmologist,Michael Williams,32907,1978-06-24
William.Stewart@gordon.com,Industrial/product designer,Lauren Simpson,18205,1983-01-16
Edgar.Webster@king.com,Speech and language therapist,Shawn Bailey IV,16246,1992-08-02
Shannon.Gonzalez@martin-robinson.com,Counsellor,Katelyn Banks,40519,1975-01-06
Mark.Ramirez@hanson.biz,Geophysicist/field seismologist,Paul Luna,39571,1972-08-14
Patrick.Schaefer@elliott.org,"Secretary, company",Mrs. Jennifer Mendez,40024,2008-09-04
Courtney.Rojas@hill.org,Furniture designer,Tiffany Salas,29925,1972-04-23
Robert.Marshall@jones.com,Camera operator,Larry Foster,42155,1999-01-19
Jessica.Lynch@oconnell.com,"Producer, radio",Miguel Jackson,36306,1999-06-14
Kelly.Roberson@fisher-johnson.biz,"Librarian, academic",David Williams,19416,1975-07-25
Cynthia.Ryan@young.com,Data scientist,Nicholas Chapman,46118,1989-01-28
Kimberly.Klein@robinson.info,"Psychologist, educational",James Luna,23800,1975-12-02
Hannah.White@shields.biz,"Editor, commissioning",Charles Dixon,10366,2002-12-05
Nancy.Jones@watson-patton.com,"Administrator, arts",Robert Potter,26261,2021-08-31
Megan.Hutchinson@wells.org,Drilling engineer,Daniel Thomas,32694,2011-08-26
Cody.Harris@jones.com,Field seismologist,Toni Cooke,28040,1998-06-07
Maria.Ramirez@thompson.info,Land,Barbara Tapia,35058,2010-04-22
Sandra.Bradley@brown-cox.com,"Scientist, research (life sciences)",Tamara Phillips,13030,1982-08-06
Michelle.Blanchard@jones.com,"Teacher, primary school",Linda Serrano,16591,1989-11-13
Jennifer.Herrera@young-stokes.biz,Technical sales engineer,Miranda Contreras,45560,2017-12-27
Barbara.Pruitt@thomas-mcbride.com,Public relations officer,Lisa Johnson,16586,1999-04-23
Bobby.Parks@holmes.com,Theatre stage manager,Daniel Harris,41966,1998-07-31
Anna.Carlson@johnson-burch.net,"Surveyor, hydrographic",Heidi Gates,34928,2006-03-07
Cynthia.Jackson@griffin.info,Secretary/administrator,James Cochran,24784,1992-08-05
Joel.Cruz@white.info,Editorial assistant,Tara Horn,32757,1991-04-25
Carrie.Young@white-sanchez.com,Chief Operating Officer,Bradley Rhodes,16513,1991-08-24
Melissa.Garcia@allen.info,"Designer, jewellery",James Soto,44225,2014-03-16
Denise.Sanford@shaw.info,Archivist,Jessica Cortez,27744,2011-01-27
Melissa.Hernandez@klein-wright.com,Clinical embryologist,Billy Armstrong,27923,2013-11-14
Cynthia.Foley@norton-brown.com,"Pharmacist, hospital",Angela Carpenter,20703,2003-02-09
Anthony.Frazier@sellers.org,Fast food restaurant manager,Kevin Owens,15045,1993-10-21
Nathan.Palmer@stephens-nichols.org,"Conservator, furniture",Paula Griffith,40561,2000-07-15
Amanda.Moses@ross.com,"Scientist, product/process development",Kimberly Campbell,13539,1996-10-21
Melody.Sutton@duarte-cowan.com,Broadcast journalist,Sally Wilson,20525,2000-06-01
Tina.Yates@miller.com,Chief of Staff,Manuel Hamilton,40648,2004-03-15
Robert.Sanchez@turner-case.net,Land,Samantha Taylor,14549,1972-05-16
Tonya.Glenn@gonzalez.com,"Therapist, horticultural",Joshua Haas,19867,2018-12-12
Jacob.Mooney@dixon.com,Meteorologist,Ashley Walker,40129,2018-10-08
Olivia.Davis@miller.biz,Office manager,Jason Vazquez,40266,2007-07-16
Jacqueline.Lee@powell.com,"Journalist, newspaper",Amanda Patel,19926,2013-08-03
Marc.Cortez@ritter-cole.com,"Engineer, electronics",Mary Sullivan,34664,2020-02-09
David.Avila@williams.com,Museum/gallery exhibitions officer,Jennifer Walker,42751,2004-02-16
Brittney.Rodriguez@morrison.com,"Designer, ceramics/pottery",Kathleen Hunt,46062,2022-07-31
David.Taylor@byrd-novak.info,"Therapist, horticultural",Jeremiah Lee,34243,2019-09-28
Andrew.Hays@allen.com,"Development worker, community",Charles Richardson,14742,1986-09-25
Michael.Hill@allen-carroll.com,Communications engineer,Raymond Ferguson Jr.,26997,1978-01-17
